price,area,bedrooms,bathrooms,stories,mainroad,guestroom,basement,hotwaterheating,airconditioning,parking,prefarea,furnishingstatus
5085000,8920,4,3,2,no,no,yes,no,no,1,yes,semi-furnished
3134000,2510,3,3,1,yes,no,yes,no,yes,0,no,semi-furnished
4418000,7040,4,1,1,yes,no,yes,no,yes,3,no,furnished
6754000,15068,5,2,4,yes,no,yes,no,no,3,no,semi-furnished
3181000,6841,2,1,1,yes,no,no,no,yes,0,no,semi-furnished
6277000,13614,4,3,1,yes,no,no,no,no,3,no,furnished
5428000,12934,2,1,2,yes,yes,yes,no,no,3,no,semi-furnished
4228000,7384,3,1,3,no,no,no,no,no,3,no,furnished
4052000,7915,1,2,1,yes,no,yes,no,yes,1,no,semi-furnished
3143000,2116,3,2,3,yes,no,yes,no,no,3,no,furnished
6317000,15176,4,3,1,yes,yes,no,no,no,3,no,furnished
3321000,6076,2,1,1,yes,yes,no,no,yes,3,no,furnished
4883000,7228,2,1,4,yes,no,no,yes,yes,1,no,furnished
8093000,16073,5,1,4,yes,yes,yes,no,yes,0,no,unfurnished
6219000,13286,2,3,4,yes,no,no,yes,no,2,no,furnished
6581000,13013,5,3,3,yes,yes,no,no,no,3,yes,semi-furnished
5042000,12761,1,2,2,yes,no,no,no,yes,0,no,furnished
4521000,9972,4,2,1,yes,no,no,no,no,3,no,semi-furnished
4094000,3335,5,2,1,no,no,no,no,yes,1,yes,unfurnished
2067000,2419,1,1,1,yes,no,yes,no,no,0,yes,furnished
5724000,12233,2,1,3,yes,yes,yes,yes,yes,1,no,unfurnished
6317000,15453,2,2,4,yes,yes,yes,no,no,3,no,furnished
3867000,8599,1,1,2,no,no,yes,no,no,3,no,unfurnished
3144000,4083,2,2,3,no,no,no,no,no,1,yes,semi-furnished
4335000,6961,1,3,4,yes,no,no,no,yes,2,no,unfurnished
4668000,6701,5,2,3,yes,no,no,no,yes,1,yes,semi-furnished
5781000,8070,5,3,2,yes,no,yes,no,no,3,no,semi-furnished
3372000,2834,1,1,4,yes,no,no,no,yes,1,yes,furnished
5042000,6205,5,2,3,yes,no,no,no,yes,2,yes,furnished
4301000,5035,5,1,2,yes,yes,no,no,yes,1,yes,unfurnished
6698000,13959,5,3,1,yes,no,no,no,no,2,no,semi-furnished
4443000,8046,3,3,2,yes,no,no,no,no,2,yes,semi-furnished
5913000,14685,4,3,1,yes,no,no,no,no,1,no,unfurnished
5769000,12746,2,1,3,yes,yes,yes,no,yes,1,no,semi-furnished
4691000,10316,3,1,4,yes,no,no,yes,yes,0,no,unfurnished
5315000,10924,5,1,4,yes,no,yes,no,no,3,no,unfurnished
3521000,4208,1,1,3,yes,no,yes,no,no,2,no,semi-furnished
6629000,9499,5,3,4,yes,no,yes,no,yes,0,yes,unfurnished
4299000,3697,4,3,4,yes,no,no,no,no,1,no,furnished
3914000,4397,5,2,1,no,no,no,yes,yes,3,yes,furnished
4918000,10817,1,2,3,yes,yes,no,no,no,0,yes,semi-furnished
4897000,11648,4,1,2,yes,no,yes,no,yes,2,no,furnished
3433000,1839,5,3,1,yes,yes,no,no,no,0,no,unfurnished
4435000,4384,4,3,3,yes,no,no,no,no,2,no,unfurnished
3947000,4655,2,3,1,yes,no,no,yes,no,1,no,semi-furnished
4969000,6308,2,2,2,yes,yes,no,no,yes,3,no,semi-furnished
4106000,3549,5,2,2,no,no,yes,yes,no,3,yes,unfurnished
6619000,9384,4,3,3,yes,yes,yes,no,no,3,yes,semi-furnished
3149000,2917,1,3,2,no,no,no,no,yes,1,yes,semi-furnished
2888000,3178,5,3,1,no,no,yes,no,no,2,yes,semi-furnished
5605000,13044,2,2,2,yes,no,no,no,no,1,no,unfurnished
2680000,5206,2,3,1,no,yes,no,no,no,3,no,semi-furnished
4303000,5540,5,3,1,yes,no,no,no,no,1,yes,unfurnished
5604000,10488,4,1,2,yes,no,yes,no,yes,1,no,unfurnished
6231000,16006,2,1,3,yes,no,yes,no,no,1,no,semi-furnished
7144000,12730,4,2,4,no,no,yes,no,yes,2,no,semi-furnished
5802000,16152,2,3,2,no,yes,no,yes,no,0,yes,unfurnished
4028000,7043,2,3,1,yes,no,no,no,no,0,yes,semi-furnished
5376000,12277,3,1,1,yes,yes,yes,no,no,1,yes,unfurnished
4673000,10442,2,2,2,yes,no,no,no,yes,0,yes,unfurnished
4640000,12205,1,1,3,yes,no,no,no,yes,0,no,semi-furnished
5638000,11903,5,1,3,yes,yes,yes,no,no,1,yes,unfurnished
4431000,10083,5,1,1,yes,yes,no,yes,no,1,no,unfurnished
5078000,11883,4,1,1,yes,yes,no,no,no,3,no,unfurnished
5525000,12666,2,3,3,yes,no,yes,no,no,0,no,semi-furnished
4918000,9163,1,3,4,no,no,yes,no,no,2,no,furnished
4275000,4262,4,1,2,yes,no,no,yes,yes,1,yes,semi-furnished
5105000,8691,3,2,1,yes,yes,no,no,yes,3,no,semi-furnished
5387000,11205,4,2,1,yes,yes,no,no,yes,2,no,semi-furnished
4835000,7885,4,2,3,no,no,no,no,yes,0,yes,unfurnished
4948000,7136,2,2,2,no,yes,yes,yes,no,3,yes,semi-furnished
4615000,8749,3,1,3,yes,no,yes,no,no,1,no,semi-furnished
6274000,11320,4,3,2,yes,no,no,no,no,2,no,furnished
5942000,12398,1,2,2,yes,no,yes,no,yes,1,no,unfurnished
3344000,2425,1,1,2,yes,no,yes,no,yes,0,no,semi-furnished
5217000,13856,5,2,1,yes,no,no,no,yes,2,no,furnished
5808000,9876,3,2,4,yes,yes,no,no,yes,0,yes,furnished
6018000,16191,3,1,3,yes,yes,no,no,no,0,no,unfurnished
5351000,4802,5,3,4,yes,yes,no,no,yes,3,yes,semi-furnished
5927000,11797,4,3,3,yes,no,yes,no,no,1,yes,furnished
3467000,3235,3,1,2,yes,yes,no,no,yes,2,no,unfurnished
2725000,5593,1,3,1,yes,no,yes,no,no,0,no,unfurnished
3963000,9205,1,1,4,no,no,no,no,no,0,no,unfurnished
2872000,4723,2,1,1,yes,no,no,no,yes,2,no,semi-furnished
2068000,2671,3,1,3,no,no,no,no,no,0,no,semi-furnished
6551000,13303,4,3,1,yes,yes,no,no,no,3,yes,unfurnished
5595000,12455,5,1,1,yes,no,no,no,no,3,yes,semi-furnished
8138000,15067,5,2,4,yes,no,yes,no,yes,3,yes,unfurnished
3935000,5493,4,3,2,yes,yes,no,no,no,3,no,furnished
4527000,9639,2,3,1,yes,yes,no,no,no,0,no,semi-furnished
6241000,11342,5,3,2,yes,no,yes,no,no,2,no,furnished
6554000,14640,3,3,3,yes,no,no,no,no,2,no,furnished
4201000,8523,2,2,1,yes,no,no,no,no,2,no,furnished
5724000,7325,3,3,4,yes,no,yes,no,no,2,yes,furnished
2640000,1811,1,3,3,yes,no,no,no,no,1,no,unfurnished
3240000,5947,2,1,3,yes,no,no,no,no,2,no,furnished
6336000,11823,5,3,4,yes,no,no,no,no,1,no,semi-furnished
2401000,2645,2,2,1,yes,no,no,no,no,1,no,unfurnished
6437000,14753,2,2,1,yes,no,no,no,no,3,yes,semi-furnished
5294000,13184,2,2,3,no,no,no,no,no,1,no,furnished
5449000,14393,2,2,1,yes,no,no,no,yes,0,no,unfurnished
5405000,9279,3,3,2,yes,no,yes,no,no,1,yes,semi-furnished
5449000,13640,1,3,4,no,no,no,no,no,3,no,unfurnished
5458000,11117,4,2,2,yes,no,no,no,no,1,no,unfurnished
2258000,2666,2,2,1,yes,no,yes,yes,no,0,no,unfurnished
6419000,9519,5,3,3,yes,no,no,no,yes,0,yes,semi-furnished
4451000,8089,2,2,4,yes,no,no,no,no,0,no,semi-furnished
5220000,9542,5,1,1,yes,yes,yes,no,yes,3,no,semi-furnished
4584000,8513,3,2,1,yes,no,no,no,no,3,no,furnished
5496000,9566,5,2,3,yes,yes,no,no,no,2,no,unfurnished
5477000,10179,4,1,3,yes,no,no,no,no,3,no,furnished
2860000,2528,1,1,2,no,no,yes,no,yes,0,no,semi-furnished
6120000,10918,5,3,4,yes,no,yes,no,no,0,no,unfurnished
5036000,6537,5,3,4,yes,no,no,no,yes,3,no,semi-furnished
5692000,13835,1,1,3,yes,no,no,no,yes,1,yes,semi-furnished
4399000,6509,4,1,2,yes,no,yes,no,yes,3,no,semi-furnished
6028000,7981,2,3,4,yes,no,no,no,yes,3,yes,unfurnished
5123000,10221,5,2,3,yes,no,yes,no,no,0,no,semi-furnished
4234000,10334,1,1,1,yes,yes,yes,no,no,2,no,unfurnished
5904000,8858,3,3,4,no,yes,no,no,yes,0,no,furnished
3640000,6926,1,2,2,yes,no,no,no,no,2,no,unfurnished
3024000,3712,3,1,2,yes,no,yes,no,yes,0,no,unfurnished
6692000,13726,4,2,2,yes,yes,no,no,no,3,yes,furnished
2756000,1714,2,3,1,yes,yes,yes,no,no,0,no,semi-furnished
3858000,9656,1,1,4,yes,yes,no,no,no,0,no,furnished
4521000,4218,5,2,4,yes,no,no,no,no,0,yes,unfurnished
3979000,7113,4,1,1,yes,no,yes,no,no,3,yes,semi-furnished
7090000,15090,1,2,4,yes,no,yes,yes,yes,3,no,semi-furnished
3792000,3677,5,3,1,yes,yes,no,no,no,3,no,furnished
3728000,4345,1,3,1,yes,no,no,no,yes,3,no,furnished
3858000,11337,3,1,1,yes,yes,no,no,no,2,no,furnished
4443000,6908,1,2,2,yes,yes,yes,yes,no,2,yes,semi-furnished
4217000,7268,1,1,4,yes,no,no,no,no,1,no,semi-furnished
4953000,8386,1,1,1,yes,yes,no,yes,yes,3,no,unfurnished
3064000,2041,4,2,4,yes,yes,no,no,no,2,no,semi-furnished
6577000,15636,1,2,2,yes,yes,no,no,yes,0,no,semi-furnished
5884000,14356,5,2,1,yes,yes,no,no,no,3,no,unfurnished
6879000,14316,3,3,3,yes,yes,no,yes,yes,1,no,unfurnished
3657000,7542,3,1,2,no,no,no,no,yes,1,no,unfurnished
3396000,5211,1,1,3,yes,no,no,no,no,1,yes,semi-furnished
5981000,12120,4,3,4,no,no,no,no,no,0,no,furnished
5464000,7834,4,2,4,yes,no,yes,no,yes,2,no,furnished
4337000,4749,5,3,2,yes,yes,no,no,yes,0,no,unfurnished
5419000,7928,1,3,4,yes,no,no,no,no,3,yes,furnished
4839000,10042,3,3,3,yes,no,no,no,no,1,no,semi-furnished
6269000,15801,4,1,1,yes,yes,yes,no,no,0,yes,semi-furnished
6528000,14717,1,3,1,yes,no,yes,no,yes,0,no,semi-furnished
3850000,4754,4,1,1,yes,yes,no,no,yes,2,no,semi-furnished
4730000,8865,4,1,2,yes,no,yes,no,yes,2,no,furnished
5905000,14440,3,1,4,yes,no,no,yes,yes,1,no,semi-furnished
3700000,4104,2,2,3,yes,no,yes,yes,no,0,no,semi-furnished
5390000,13487,5,1,4,yes,no,yes,no,no,0,no,unfurnished
7087000,15689,5,1,4,yes,no,yes,no,yes,2,no,unfurnished
6183000,10646,3,2,4,yes,no,yes,no,yes,0,no,unfurnished
6510000,16084,4,1,1,yes,yes,no,no,yes,0,no,unfurnished
2886000,4381,1,3,3,yes,yes,yes,no,no,0,no,semi-furnished
6888000,15833,4,3,3,no,no,no,no,no,2,yes,furnished
5326000,12615,3,1,4,no,no,no,no,yes,1,no,semi-furnished
5042000,9804,5,2,1,yes,no,no,yes,yes,3,no,semi-furnished
5387000,11412,4,3,1,yes,no,no,no,no,1,no,semi-furnished
4330000,6706,5,2,3,yes,no,no,no,no,3,no,semi-furnished
4046000,9760,1,2,1,yes,no,no,yes,no,0,no,semi-furnished
7355000,15423,5,3,1,yes,no,yes,no,yes,1,yes,semi-furnished
5733000,12532,5,2,1,yes,no,no,no,yes,3,no,semi-furnished
3811000,5490,2,3,2,yes,no,no,no,no,2,no,furnished
2982000,2678,2,2,4,no,no,no,no,yes,2,no,unfurnished
5393000,9035,2,3,3,yes,yes,no,no,yes,1,yes,furnished
3285000,2152,5,1,3,yes,no,no,no,no,1,no,furnished
5728000,8560,3,3,2,yes,yes,no,yes,yes,0,no,semi-furnished
6150000,14335,5,3,4,no,yes,no,no,no,1,yes,semi-furnished
6077000,10712,3,3,3,yes,yes,no,no,yes,0,no,semi-furnished
5756000,8588,3,3,1,yes,no,yes,no,yes,0,yes,furnished
4707000,6138,2,2,3,yes,no,no,yes,no,2,no,semi-furnished
3322000,1856,4,1,1,yes,yes,yes,no,yes,2,no,semi-furnished
3823000,6784,1,3,2,yes,no,yes,no,no,3,no,unfurnished
4059000,7627,2,2,1,yes,no,no,no,no,2,no,unfurnished
4595000,9371,2,1,3,yes,no,yes,no,yes,2,no,semi-furnished
4884000,8685,4,1,3,yes,yes,yes,no,no,1,yes,semi-furnished
3687000,3134,1,1,3,yes,no,yes,no,yes,2,yes,unfurnished
4405000,9508,5,1,2,yes,no,no,no,no,3,no,furnished
3470000,2513,5,3,2,yes,yes,no,no,yes,1,no,semi-furnished
4346000,4440,2,3,4,yes,yes,no,no,no,3,no,semi-furnished
5561000,9058,1,2,3,yes,no,no,no,yes,2,no,unfurnished
5099000,10405,2,2,1,yes,no,no,no,no,3,no,furnished
3974000,6766,3,2,2,no,no,yes,no,no,1,no,semi-furnished
5700000,14033,2,1,3,yes,no,no,no,no,0,no,unfurnished
4672000,7669,2,1,3,yes,no,no,no,yes,3,no,semi-furnished
4382000,3407,5,3,2,yes,no,no,no,yes,3,no,furnished
5865000,9224,5,1,4,yes,yes,yes,no,no,1,yes,unfurnished
3609000,8024,5,1,2,yes,no,no,no,no,1,no,semi-furnished
4965000,8542,3,1,2,yes,no,no,no,yes,3,yes,semi-furnished
3650000,3328,5,2,1,yes,no,yes,no,no,2,yes,furnished
3505000,4892,1,2,1,yes,no,no,no,yes,3,no,semi-furnished
4587000,6286,4,3,4,yes,no,yes,no,no,1,no,semi-furnished
3285000,2709,1,1,3,yes,yes,yes,no,yes,0,no,furnished
3602000,8318,1,1,2,yes,no,no,no,yes,0,no,furnished
7167000,15121,5,3,4,yes,yes,yes,no,no,2,no,unfurnished
5329000,11564,4,1,1,yes,no,no,no,yes,3,yes,furnished
6235000,13156,4,1,2,yes,yes,no,yes,no,0,yes,furnished
4197000,4807,4,2,3,no,yes,yes,no,no,3,yes,semi-furnished
4357000,7565,3,3,1,yes,no,no,no,yes,1,no,unfurnished
6467000,12467,5,3,1,yes,yes,yes,no,yes,0,yes,furnished
5844000,12571,4,3,1,yes,no,yes,no,no,2,no,semi-furnished
6959000,11439,3,3,4,yes,no,yes,no,yes,1,no,furnished
5381000,12902,2,2,3,yes,yes,yes,no,no,2,no,furnished
4006000,4343,2,2,2,yes,yes,yes,no,no,1,yes,furnished
6022000,14733,3,1,4,yes,no,no,no,no,0,no,unfurnished
6144000,14989,3,1,4,yes,no,no,no,yes,2,no,furnished
7732000,15581,5,1,4,yes,no,yes,no,yes,2,no,furnished
3885000,5277,5,1,1,yes,no,no,no,yes,1,no,semi-furnished
5598000,11205,2,2,3,yes,no,no,no,yes,2,yes,unfurnished
5162000,11823,4,3,4,no,no,no,no,no,1,yes,furnished
3867000,7100,2,2,2,yes,no,no,no,no,1,no,semi-furnished
3610000,3313,4,1,3,yes,no,yes,no,yes,1,no,furnished
5130000,11371,4,2,2,no,yes,yes,no,yes,1,no,semi-furnished
5803000,11880,5,3,3,yes,no,no,no,yes,0,no,semi-furnished
4308000,7242,1,3,2,yes,no,no,no,no,1,no,semi-furnished
4954000,13144,1,2,1,yes,no,yes,no,yes,3,no,semi-furnished
5795000,12079,3,2,4,yes,no,no,no,no,2,no,semi-furnished
5486000,9042,5,2,2,yes,no,no,yes,yes,3,no,furnished
6135000,15346,4,1,3,yes,no,no,no,no,0,no,semi-furnished
6167000,15338,1,2,4,yes,no,no,no,no,3,no,furnished
4006000,2956,4,2,4,no,no,no,no,yes,2,yes,unfurnished
6121000,13871,1,2,3,yes,no,no,no,yes,3,yes,unfurnished
4137000,8426,1,3,2,yes,no,no,no,no,0,no,unfurnished
5675000,12517,1,3,1,yes,no,no,no,yes,1,no,unfurnished
6438000,14910,5,1,1,yes,no,yes,no,no,3,yes,semi-furnished
3931000,7514,2,1,2,yes,no,no,no,no,0,yes,unfurnished
4960000,11124,4,3,4,no,no,no,no,no,0,no,furnished
5508000,9176,5,3,4,yes,no,yes,no,no,2,no,semi-furnished
6208000,10551,5,3,4,yes,yes,no,no,yes,2,no,semi-furnished
5446000,7225,5,2,4,yes,no,no,no,yes,3,yes,semi-furnished
4588000,7180,5,2,2,no,yes,no,no,no,1,no,unfurnished
7155000,14586,5,3,4,yes,no,yes,no,yes,0,no,furnished
3808000,6063,3,2,3,yes,no,yes,no,no,3,no,semi-furnished
4716000,5398,4,2,4,yes,yes,no,no,yes,0,no,unfurnished
7137000,15195,5,1,1,no,yes,yes,yes,yes,0,yes,furnished
6401000,14621,4,3,4,yes,no,no,yes,no,1,no,semi-furnished
3867000,2313,3,3,2,no,no,no,no,yes,1,no,unfurnished
3678000,3648,3,2,1,yes,no,yes,yes,no,3,no,semi-furnished
5575000,9644,4,3,2,yes,yes,no,no,no,1,no,semi-furnished
5459000,13287,1,1,2,yes,no,no,no,no,1,no,furnished
5485000,13585,2,1,1,yes,no,no,no,no,3,no,semi-furnished
5398000,15569,1,1,2,yes,no,no,no,no,1,no,unfurnished
3523000,3145,1,3,2,yes,no,no,no,no,2,no,semi-furnished
4190000,4954,1,3,4,yes,no,no,no,yes,0,no,semi-furnished
5089000,5413,5,3,3,yes,yes,no,no,no,0,yes,furnished
4550000,6882,3,3,2,yes,no,no,no,no,0,no,furnished
2139000,3503,1,3,2,no,no,no,no,no,0,no,unfurnished
5882000,15458,3,1,2,no,no,no,no,no,3,no,semi-furnished
5436000,8235,4,2,4,yes,yes,no,no,yes,0,yes,semi-furnished
5481000,14501,2,1,3,yes,no,no,no,no,0,no,furnished
3686000,2941,4,3,1,yes,yes,yes,yes,no,0,no,semi-furnished
4043000,5231,4,1,4,yes,no,no,no,yes,0,no,unfurnished
7384000,13299,5,3,4,yes,no,yes,no,no,2,no,semi-furnished
4354000,9204,2,3,3,yes,no,yes,no,no,0,no,furnished
4494000,8930,4,1,3,yes,yes,yes,no,no,2,yes,semi-furnished
3398000,3286,4,3,4,yes,yes,no,no,no,3,no,unfurnished
3814000,5346,2,2,1,yes,no,no,yes,no,1,no,semi-furnished
6351000,12841,2,3,4,yes,yes,no,no,yes,0,yes,unfurnished
6201000,12994,4,2,3,yes,yes,no,yes,no,1,no,semi-furnished
2741000,2348,2,2,1,yes,no,no,no,yes,1,no,unfurnished
5646000,12002,4,3,3,yes,no,no,no,no,3,no,semi-furnished
5775000,13939,4,1,1,yes,yes,no,no,no,1,no,furnished
4496000,6387,5,2,2,yes,no,no,no,yes,2,no,semi-furnished
6187000,15527,1,1,3,no,yes,yes,yes,yes,1,no,furnished
3519000,2504,4,2,3,yes,no,no,no,no,1,yes,unfurnished
6242000,9814,3,3,4,yes,no,no,yes,yes,1,no,unfurnished
3743000,7505,1,3,3,yes,no,no,no,no,0,no,semi-furnished
5160000,9042,1,2,3,yes,no,yes,no,yes,0,no,semi-furnished
5574000,8178,1,3,2,yes,no,no,no,yes,2,yes,furnished
5709000,13316,5,2,3,yes,no,yes,no,no,2,no,unfurnished
6961000,15599,4,3,2,yes,yes,no,no,no,0,yes,semi-furnished
3803000,6899,5,1,2,no,no,no,no,no,2,yes,furnished
4885000,6822,4,3,2,yes,no,no,no,yes,0,no,semi-furnished
2903000,3357,5,1,2,yes,no,yes,no,no,3,no,furnished
6356000,12619,5,3,1,yes,no,no,no,no,1,no,semi-furnished
3467000,7441,3,1,4,yes,no,no,no,no,1,no,semi-furnished
5596000,11575,5,3,1,yes,yes,no,no,no,2,no,furnished
3770000,7185,2,1,3,yes,no,no,no,no,0,no,unfurnished
3421000,6581,3,2,1,yes,no,yes,no,no,0,no,furnished
4003000,5160,5,2,1,yes,no,no,no,yes,2,yes,furnished
2202000,1852,1,1,3,yes,no,no,no,no,0,no,furnished
6405000,13097,2,3,3,yes,no,no,no,yes,3,no,unfurnished
3569000,5868,2,1,3,yes,no,yes,no,no,1,no,semi-furnished
6678000,14338,2,3,1,yes,yes,no,no,yes,2,no,semi-furnished
4694000,10608,3,2,1,yes,yes,no,no,no,2,no,furnished
4638000,6039,5,3,3,yes,yes,no,no,no,0,no,furnished
4592000,3977,5,2,4,yes,no,yes,yes,yes,2,no,semi-furnished
5674000,9654,1,3,4,yes,yes,no,no,yes,3,yes,unfurnished
3331000,4581,1,3,2,no,no,yes,no,yes,0,no,unfurnished
4757000,9427,2,3,3,yes,no,yes,no,no,0,no,furnished
1932000,1847,1,1,2,yes,no,yes,no,no,0,no,semi-furnished
5510000,8775,3,1,4,yes,no,no,no,yes,0,yes,unfurnished
3593000,3580,5,2,2,yes,yes,no,no,no,3,no,semi-furnished
5491000,13424,2,2,3,no,no,no,yes,yes,0,no,unfurnished
3695000,7937,1,1,3,no,no,yes,no,no,2,no,furnished
5204000,10450,3,2,3,yes,no,no,no,no,3,no,unfurnished
4854000,13114,3,1,1,yes,no,no,no,yes,1,no,unfurnished
4778000,10989,1,3,2,yes,no,no,no,no,1,no,unfurnished
4348000,5932,5,2,4,no,no,no,no,yes,2,no,semi-furnished
6191000,13239,1,2,4,yes,no,yes,no,yes,2,no,semi-furnished
4330000,4161,2,1,4,yes,no,no,no,yes,3,yes,unfurnished
5214000,11636,1,2,1,yes,no,yes,no,yes,1,no,furnished
3168000,2309,3,2,1,yes,yes,no,no,no,1,no,semi-furnished
3661000,4461,1,3,3,yes,no,yes,no,no,1,no,unfurnished
6097000,8748,5,2,4,yes,yes,yes,no,no,1,no,unfurnished
6839000,15893,4,3,1,yes,no,no,yes,yes,1,no,unfurnished
4091000,8196,1,1,3,yes,no,no,no,yes,0,yes,furnished
6622000,11211,5,2,4,yes,yes,yes,no,no,2,yes,unfurnished
4105000,3636,5,3,2,yes,no,no,no,no,0,no,unfurnished
6016000,15472,3,1,3,yes,no,no,yes,yes,1,no,furnished
5068000,9988,5,2,1,yes,no,yes,no,no,3,no,semi-furnished
5171000,13061,5,1,1,yes,no,no,no,no,3,no,furnished
4347000,4561,5,2,3,yes,no,yes,no,no,1,yes,semi-furnished
3350000,3384,5,1,3,yes,yes,no,no,no,1,no,unfurnished
3511000,3493,2,1,1,yes,no,no,no,yes,3,no,semi-furnished
5789000,10330,2,3,2,yes,yes,yes,no,yes,0,yes,unfurnished
4056000,4626,3,1,4,yes,no,yes,no,no,0,no,unfurnished
3176000,3609,1,2,2,yes,yes,no,no,yes,1,no,semi-furnished
4773000,7409,5,2,3,yes,no,no,no,no,0,no,unfurnished
4527000,8344,1,3,2,yes,no,no,no,no,3,no,semi-furnished
3801000,4035,1,2,1,yes,yes,no,no,yes,0,no,unfurnished
4949000,12761,3,2,3,yes,no,no,no,no,1,no,furnished
4781000,6386,5,2,4,yes,no,yes,no,yes,3,no,unfurnished
3746000,3452,5,1,1,yes,no,no,no,no,0,yes,furnished
4058000,9805,4,1,1,yes,no,no,no,no,2,no,semi-furnished
4825000,9770,1,2,4,yes,no,yes,no,no,3,no,unfurnished
4666000,8266,1,3,4,yes,no,yes,no,no,3,no,semi-furnished
6586000,15907,2,1,2,yes,yes,yes,no,no,2,no,semi-furnished
6583000,16136,4,3,3,yes,yes,no,no,no,2,no,semi-furnished
4405000,7184,2,2,4,yes,no,no,no,no,3,no,unfurnished
4722000,5711,2,2,4,yes,no,yes,no,yes,2,yes,furnished
6017000,13211,2,1,3,yes,no,no,no,yes,1,no,furnished
6818000,15572,3,2,4,yes,no,yes,no,yes,1,no,furnished
3594000,1912,3,1,4,yes,no,no,no,yes,1,yes,semi-furnished
5863000,15725,2,2,2,yes,no,yes,no,no,3,no,furnished
5094000,7937,4,2,1,yes,no,no,no,no,2,no,semi-furnished
3620000,10465,1,1,1,no,no,no,no,no,2,no,semi-furnished
4468000,10858,4,1,1,no,no,no,no,yes,0,no,furnished
6183000,13485,5,1,1,yes,no,no,no,no,0,yes,semi-furnished
6720000,14818,3,2,4,yes,no,yes,no,yes,2,no,unfurnished
3742000,3699,1,2,3,yes,no,no,no,no,2,no,furnished
4404000,7073,1,3,3,yes,yes,yes,no,no,2,no,semi-furnished
6760000,13565,5,1,2,yes,yes,yes,no,yes,3,no,semi-furnished
4570000,6198,5,2,2,yes,no,no,no,yes,2,yes,semi-furnished
3847000,4758,2,2,4,yes,no,yes,no,yes,0,yes,unfurnished
6396000,15121,3,1,3,yes,no,yes,no,no,3,no,semi-furnished
6489000,13932,3,3,3,yes,no,no,no,no,2,no,semi-furnished
3526000,8808,4,1,1,yes,yes,no,no,no,0,no,furnished
6152000,11898,2,3,4,yes,no,no,no,yes,3,no,semi-furnished
5443000,9050,2,2,4,yes,no,yes,no,no,2,no,semi-furnished
3845000,4820,2,3,1,yes,no,yes,no,no,2,no,furnished
5223000,11524,2,2,4,yes,no,no,no,no,2,no,semi-furnished
3787000,3905,3,1,4,yes,no,yes,no,yes,3,no,unfurnished
3980000,2804,3,1,2,yes,yes,yes,no,yes,0,no,semi-furnished
2758000,6149,2,1,3,yes,no,no,no,no,0,no,semi-furnished
5663000,7945,4,3,4,yes,no,no,no,yes,1,yes,unfurnished
3726000,7847,1,2,2,yes,no,no,no,yes,2,no,unfurnished
6084000,13033,1,1,3,no,no,yes,no,yes,1,yes,semi-furnished
5332000,11538,4,1,1,yes,yes,yes,no,no,1,yes,unfurnished
5580000,13833,2,2,2,yes,yes,no,no,no,0,no,unfurnished
6649000,14565,3,1,2,no,no,yes,no,no,3,no,semi-furnished
5644000,14524,1,2,3,yes,no,no,no,no,3,no,semi-furnished
4074000,3298,5,2,1,yes,yes,no,yes,no,0,no,semi-furnished
4841000,7189,5,2,2,yes,yes,no,no,yes,3,no,unfurnished
5928000,11287,4,2,4,yes,no,yes,no,no,1,yes,semi-furnished
5768000,5849,2,2,4,yes,yes,yes,no,yes,2,no,furnished
5827000,13765,1,3,4,yes,no,no,no,no,0,no,unfurnished
3974000,10095,2,1,1,yes,no,no,no,yes,2,no,semi-furnished
6119000,13025,1,3,2,yes,no,no,no,yes,3,no,furnished
4233000,4207,4,1,4,yes,yes,yes,no,yes,2,no,semi-furnished
5307000,7242,4,3,1,yes,yes,yes,no,yes,3,no,semi-furnished
3834000,1748,5,2,4,yes,no,no,no,yes,3,no,unfurnished
4149000,3850,2,1,3,yes,no,no,no,yes,1,no,furnished
6778000,15822,5,1,2,yes,no,no,yes,no,3,no,unfurnished
3373000,4611,2,3,2,yes,yes,yes,no,no,1,no,semi-furnished
6564000,15857,5,3,1,yes,no,no,no,no,1,no,furnished
2986000,6623,3,1,1,yes,no,no,no,no,1,no,unfurnished
3772000,6083,3,3,2,yes,no,no,no,no,0,no,semi-furnished
5741000,13619,3,3,4,no,no,no,no,no,0,yes,furnished
5523000,4519,3,3,4,yes,no,yes,no,no,3,yes,semi-furnished
5442000,13076,1,2,3,yes,no,no,no,yes,1,no,unfurnished
7433000,13633,3,2,4,yes,yes,yes,yes,yes,0,yes,semi-furnished
3222000,2606,4,3,1,yes,no,no,no,no,1,yes,furnished
6097000,15642,4,3,1,yes,yes,no,no,no,2,no,furnished
5806000,13909,1,2,4,no,no,no,yes,no,2,no,furnished
5111000,10002,3,2,1,yes,no,no,no,yes,2,no,unfurnished
5161000,7349,3,1,2,yes,yes,yes,no,yes,3,yes,semi-furnished
3250000,8594,3,1,2,yes,no,no,no,no,1,yes,furnished
4842000,6143,5,2,4,yes,yes,no,no,yes,2,yes,furnished
5569000,11142,2,3,2,yes,no,yes,no,no,0,no,semi-furnished
4321000,6561,5,3,2,yes,no,yes,no,no,2,no,unfurnished
4240000,5637,2,3,3,yes,yes,no,no,no,2,no,semi-furnished
5589000,11369,3,3,3,yes,no,yes,no,no,2,yes,unfurnished
4259000,7665,3,1,2,yes,no,no,no,no,3,no,semi-furnished
6761000,15353,5,2,4,no,yes,no,no,no,0,no,furnished
7167000,15096,5,3,3,yes,yes,no,no,no,1,no,unfurnished
2730000,2868,2,1,1,yes,no,yes,no,no,0,no,semi-furnished
4962000,6146,4,3,1,yes,no,no,no,yes,1,no,unfurnished
3827000,6385,2,2,1,yes,no,no,no,yes,3,yes,unfurnished
6371000,12946,5,1,4,no,yes,yes,no,yes,3,yes,furnished
6303000,12577,5,2,2,yes,yes,no,no,no,3,no,furnished
4403000,6205,1,2,1,yes,no,no,yes,no,3,yes,unfurnished
5079000,10796,5,1,4,no,yes,no,no,no,1,yes,furnished
5027000,9700,1,1,3,yes,yes,yes,no,yes,2,yes,furnished
5841000,14407,4,1,2,no,yes,no,no,yes,1,yes,furnished
2632000,5096,2,1,3,yes,no,yes,no,no,0,no,furnished
3065000,2695,2,1,4,yes,no,yes,no,yes,3,no,unfurnished
3187000,8543,1,1,1,yes,no,no,no,no,3,no,furnished
2118000,3343,2,1,1,yes,no,no,no,no,0,no,semi-furnished
7364000,16023,5,3,4,no,no,yes,yes,no,1,no,semi-furnished
4345000,5086,3,2,1,yes,no,yes,yes,yes,2,no,semi-furnished
4798000,10404,1,1,2,yes,yes,yes,no,yes,2,no,furnished
6088000,12327,2,3,4,yes,no,yes,no,yes,0,no,unfurnished
4886000,7545,1,3,3,yes,no,yes,no,no,2,yes,furnished
3403000,5004,1,3,4,yes,no,yes,no,no,1,no,unfurnished
6837000,16012,3,2,2,no,no,no,yes,yes,1,no,unfurnished
3033000,1875,5,1,2,yes,no,no,no,no,0,no,semi-furnished
4086000,6543,1,3,4,yes,yes,no,no,no,1,no,semi-furnished
5259000,8672,2,2,4,yes,no,no,yes,yes,3,no,semi-furnished
5398000,10801,4,2,1,yes,no,yes,no,no,0,no,semi-furnished
3913000,7250,1,2,2,yes,no,no,no,no,1,yes,unfurnished
6683000,14390,1,3,4,yes,no,no,no,yes,0,no,unfurnished
5590000,12909,3,1,4,no,no,no,no,yes,2,no,semi-furnished
5934000,9646,5,3,2,yes,yes,no,no,no,1,no,semi-furnished
6360000,10657,4,3,4,yes,no,no,no,no,3,yes,unfurnished
5518000,14596,2,1,1,yes,yes,no,no,no,1,no,unfurnished
4310000,9333,4,1,2,no,no,yes,no,no,0,no,semi-furnished
3051000,6292,2,1,1,yes,no,no,no,no,0,yes,semi-furnished
6253000,15153,5,2,1,yes,no,no,no,yes,1,no,furnished
5548000,12962,2,1,1,yes,no,no,no,no,3,yes,unfurnished
4833000,9329,3,3,1,yes,no,no,no,no,3,no,furnished
4793000,9858,3,1,2,yes,yes,yes,no,yes,3,no,semi-furnished
5146000,8989,3,3,1,yes,no,no,no,no,0,no,furnished
5562000,11085,3,2,1,yes,yes,no,no,no,1,yes,furnished
4479000,3855,4,3,4,yes,no,no,no,yes,2,no,semi-furnished
5982000,12366,5,3,2,no,yes,no,yes,no,0,yes,unfurnished
3959000,2719,2,1,2,yes,yes,yes,yes,yes,3,yes,furnished
4081000,5094,2,1,3,yes,no,no,no,yes,1,yes,semi-furnished
5789000,12407,3,3,2,yes,yes,no,no,yes,3,yes,furnished
6816000,16084,3,1,2,yes,no,no,no,no,2,no,furnished
5861000,15706,1,2,3,yes,no,no,no,no,3,no,semi-furnished
3877000,2710,5,2,2,yes,yes,no,no,yes,3,no,semi-furnished
3358000,3977,4,1,2,yes,no,no,yes,no,2,no,furnished
4816000,5070,2,2,2,yes,yes,yes,no,yes,1,no,semi-furnished
2053000,1951,1,1,2,yes,yes,no,no,no,0,no,furnished
6515000,14118,1,3,3,yes,no,no,no,no,1,no,semi-furnished
3277000,2256,2,3,2,yes,yes,no,no,no,2,no,unfurnished
3620000,4820,4,2,2,yes,no,no,no,no,3,yes,unfurnished
2941000,2349,1,1,3,yes,yes,no,no,yes,1,no,semi-furnished
4537000,6738,1,1,4,yes,yes,yes,no,yes,0,yes,semi-furnished
4662000,10981,5,2,1,yes,no,no,no,no,2,no,unfurnished
3803000,1840,4,3,4,yes,no,yes,no,no,1,no,furnished
5544000,12142,1,2,3,yes,yes,no,no,yes,0,no,unfurnished
4280000,2630,4,3,1,yes,no,yes,no,yes,2,yes,unfurnished
3784000,4625,2,1,3,yes,yes,yes,no,yes,0,no,furnished
4378000,7752,3,3,3,no,no,no,no,no,2,yes,furnished
3316000,2834,1,2,2,no,no,yes,no,yes,3,no,unfurnished
3144000,4977,5,1,1,no,no,no,yes,no,1,yes,semi-furnished
2221000,5044,2,2,2,yes,no,no,no,no,0,yes,furnished
4944000,9969,4,2,1,yes,no,yes,no,no,2,no,furnished
5505000,11907,2,3,3,no,no,no,no,yes,0,yes,semi-furnished
2969000,3466,1,2,3,yes,no,no,no,no,0,no,semi-furnished
6076000,7504,4,3,4,yes,no,no,no,yes,1,no,unfurnished
5401000,8359,3,1,1,yes,yes,yes,no,no,3,yes,unfurnished
3139000,2219,2,3,2,yes,no,yes,yes,no,0,no,furnished
4042000,7092,1,1,4,no,no,yes,no,yes,2,yes,semi-furnished
4570000,3545,5,3,4,yes,no,yes,no,no,2,no,semi-furnished
4348000,4383,4,2,4,yes,no,yes,no,no,3,yes,semi-furnished
3935000,5513,2,3,2,yes,no,no,no,no,2,no,furnished
7126000,14563,2,3,4,yes,yes,no,no,yes,3,yes,unfurnished
4477000,9105,3,1,2,yes,yes,no,no,no,2,no,unfurnished
3641000,5664,3,2,4,yes,no,no,no,no,1,no,semi-furnished
6509000,12743,5,3,2,yes,no,yes,no,no,0,no,semi-furnished
3348000,3336,5,2,3,no,no,yes,yes,no,1,no,furnished
4529000,4659,1,3,3,yes,no,yes,yes,yes,0,no,semi-furnished
4308000,9456,1,3,3,yes,no,yes,no,no,0,no,semi-furnished
3613000,1804,5,2,3,yes,no,no,no,no,0,yes,semi-furnished
5808000,12379,5,3,3,yes,yes,no,no,no,1,no,unfurnished
3619000,3059,4,2,4,yes,yes,no,no,no,0,no,semi-furnished
7134000,13899,3,3,4,yes,no,no,no,yes,1,no,semi-furnished
3079000,2434,1,1,4,yes,no,no,no,yes,3,no,unfurnished
5643000,13017,3,2,2,yes,yes,no,no,yes,2,no,furnished
5735000,9746,3,3,2,no,no,yes,no,yes,2,yes,semi-furnished
4616000,9210,5,3,2,yes,no,no,no,no,0,no,semi-furnished
6084000,14183,4,1,2,yes,no,no,no,yes,1,yes,semi-furnished
5254000,8993,2,2,3,yes,no,yes,no,yes,2,no,unfurnished
5558000,8856,4,3,3,yes,no,no,no,no,1,no,semi-furnished
4172000,7246,4,1,3,yes,yes,no,no,no,1,no,unfurnished
3672000,7451,3,3,1,no,no,no,no,no,0,no,semi-furnished
3859000,4456,4,2,4,no,no,no,no,no,2,no,semi-furnished
3917000,2187,1,3,2,yes,yes,yes,yes,yes,0,yes,unfurnished
4413000,7636,3,3,2,no,no,no,yes,no,0,no,furnished
4054000,3491,1,3,3,yes,no,no,no,no,2,yes,furnished
6383000,14858,2,3,2,yes,no,no,no,yes,2,no,semi-furnished
4014000,12297,3,1,2,yes,no,yes,no,no,3,no,furnished
4664000,10366,2,1,4,no,yes,no,no,no,3,yes,furnished
5389000,8621,3,2,3,yes,no,no,no,yes,1,no,semi-furnished
4855000,7275,5,1,4,yes,no,no,no,yes,2,no,semi-furnished
3414000,4600,4,1,1,yes,no,no,no,yes,3,no,semi-furnished
5677000,9642,5,2,1,yes,yes,no,no,yes,1,no,unfurnished
5253000,13973,2,1,1,yes,no,no,no,no,1,yes,semi-furnished
2920000,6430,4,1,3,no,no,no,no,no,1,yes,unfurnished
5987000,13957,3,2,2,yes,yes,yes,no,yes,3,no,furnished
3922000,4018,4,2,3,yes,yes,no,no,no,2,no,semi-furnished
5495000,13689,1,2,3,no,no,yes,no,no,0,yes,unfurnished
5258000,8305,4,3,2,yes,no,no,no,no,1,no,semi-furnished
5062000,9823,1,3,4,no,no,yes,no,no,3,yes,unfurnished
4312000,6145,4,2,1,yes,no,yes,no,yes,3,no,semi-furnished
5132000,12543,1,2,4,yes,no,yes,no,no,0,no,furnished
4395000,10813,2,2,1,yes,no,yes,no,no,0,no,semi-furnished
4106000,7652,5,3,3,no,yes,no,no,no,3,no,semi-furnished
4262000,8264,3,3,1,yes,no,no,no,no,2,no,unfurnished
5681000,11008,4,1,3,yes,yes,no,no,yes,0,yes,furnished
6959000,15053,5,1,4,yes,no,yes,no,no,3,yes,unfurnished
7553000,14771,3,2,3,yes,yes,yes,no,yes,0,no,unfurnished
5926000,7569,3,3,4,yes,yes,yes,no,no,2,no,furnished
5204000,12616,1,3,2,yes,no,yes,no,no,1,no,semi-furnished
4538000,11824,2,3,2,no,yes,no,no,yes,0,no,unfurnished
2886000,2503,2,2,2,yes,no,yes,no,no,2,no,unfurnished
5000000,5796,5,1,3,yes,yes,no,no,yes,3,yes,semi-furnished
5150000,13578,2,2,2,yes,no,yes,no,no,0,no,semi-furnished
2580000,5419,4,1,1,no,no,yes,no,no,0,no,semi-furnished
3639000,2224,2,1,4,yes,yes,no,no,no,3,no,semi-furnished
6173000,13103,5,2,4,yes,yes,no,no,no,1,no,furnished
3164000,2798,2,1,1,yes,no,yes,no,no,3,yes,unfurnished
3914000,7943,4,1,3,yes,no,yes,no,no,0,no,furnished
4554000,8107,1,3,3,yes,no,no,no,no,3,no,furnished
5005000,9159,5,1,4,yes,no,yes,no,no,2,no,semi-furnished
5569000,11557,1,2,2,yes,no,yes,no,yes,3,yes,semi-furnished
4719000,6427,1,2,3,yes,yes,no,yes,no,0,yes,semi-furnished
5788000,14775,1,1,3,yes,no,no,no,yes,3,yes,semi-furnished
3746000,5504,3,3,1,yes,no,no,no,no,1,no,semi-furnished
6462000,15015,3,3,1,yes,no,no,no,yes,3,no,furnished
3151000,4141,1,1,2,yes,no,no,no,yes,1,no,semi-furnished
5439000,12502,5,1,3,yes,no,no,no,no,2,no,unfurnished
4040000,4774,4,2,3,yes,no,no,no,no,1,no,semi-furnished
3859000,7341,4,1,1,yes,no,no,no,yes,3,no,semi-furnished
4938000,4701,2,3,3,yes,no,yes,no,yes,0,yes,semi-furnished
3202000,1654,5,1,4,yes,no,no,yes,no,1,no,unfurnished
3387000,6872,3,2,1,yes,yes,no,no,no,2,no,furnished
4713000,6965,1,2,2,yes,yes,no,no,yes,1,yes,semi-furnished
4300000,6519,2,2,1,yes,no,no,yes,yes,1,yes,unfurnished
2448000,2526,4,2,3,yes,no,no,no,no,1,no,semi-furnished
